Name,Party,Office,Distid,GunControlTotal,GunRightsTotal,Gun Control Support,Gun Control Opposed,Gun Rights Support,Gun Rights Opposed,,
"Cruz, Ted",R,S,TXS2,$0 ,"$431,415 ",$0 ,"$8,011 ","$153,467 ",$0 ,,
"McSally, Martha",R,S,AZS1,$0 ,"$336,138 ",$0 ,"$1,823,627 ","$183,451 ",$0 ,,"Money in the ""blue"" columns is money spent by outside groups supporting and opposing these candidates. In the ""gun rights support"" column, for example, you will be able to see money spent by gun rights groups on independent expenditures supporting this candidate. "
"Cornyn, John",R,S,TXS1,$0 ,"$212,975 ",$0 ,$861 ,"$35,745 ","$12,360 ",,
"Young, Don",R,H,AK01,$0 ,"$208,376 ",$0 ,$861 ,"$142,306 ",$0 ,,
"Scalise, Steve",R,H,LA01,$0 ,"$204,518 ",$0 ,$861 ,$0 ,$0 ,,
"Johnson, Ron",R,S,WIS2,$0 ,"$191,538 ",$0 ,"$21,354 ","$1,044,351 ",$0 ,,
"Thune, John",R,S,SDS1,$0 ,"$180,865 ",$0 ,$861 ,"$579,134 ",$0 ,,
"Toomey, Pat",R,S,PAS1,$0 ,"$161,410 ",$0 ,"$152,102 ","$956,630 ","$1,266 ",,
"Rubio, Marco",R,S,FLS2,$0 ,"$160,944 ",$0 ,$861 ,"$1,008,030 ",$0 ,,
"Calvert, Ken",R,H,CA42,$0 ,"$157,116 ",$0 ,$861 ,"$2,781 ",$0 ,,
"Blunt, Roy",R,S,MOS1,$0 ,"$153,543 ",$0 ,$861 ,"$1,410,511 ",$0 ,,"Money in the ""pink"" columns is the total money given to the member's campaign or leadership PAC from gun rights or gun control PACs or individuals in all of CRP's data (back to 1989 for members for whom that is relevant). "
"McConnell, Mitch",R,S,KYS1,$0 ,"$141,045 ",$0 ,$861 ,"$771,175 ",$315 ,,
"Blackburn, Marsha",R,S,TNS1,$0 ,"$135,973 ",$0 ,$861 ,"$628,724 ",$0 ,,
"Nunes, Devin",R,H,CA22,$0 ,"$129,213 ",$0 ,$861 ,$340 ,$0 ,,
"McCarthy, Kevin",R,H,CA23,$0 ,"$122,550 ",$0 ,$861 ,"$12,040 ",$0 ,,
"Burr, Richard",R,S,NCS2,$0 ,"$122,150 ",$0 ,$861 ,"$1,431,179 ",$0 ,,
"Inhofe, James M",R,S,OKS2,$0 ,"$118,900 ",$0 ,$861 ,"$5,258 ","$1,567 ",,
"Paul, Rand",R,S,KYS2,$0 ,"$112,500 ",$0 ,$861 ,"$99,955 ",$0 ,,
"Portman, Rob",R,S,OHS2,$0 ,"$110,586 ",$0 ,$861 ,"$1,453,538 ",$0 ,,"Direct contributions based on data released by the FEC on February 1, 2019. Independent Expenditures based on data released daily by the FEC on February 25, 2019. If you have questions about the data shown here, please contact Alex Baumgart at abaumgart@crp.org"
"Peterson, Collin",D,H,MN07,$0 ,"$106,500 ",$0 ,$861 ,"$25,998 ",$0 ,,
"Shelby, Richard C",R,S,ALS2,$0 ,"$106,100 ",$0 ,$861 ,"$172,614 ",$0 ,,
"McClintock, Tom",R,H,CA04,$0 ,"$104,860 ",$0 ,$861 ,"$19,092 ",$0 ,,
"Walden, Greg",R,H,OR02,$0 ,"$104,391 ",$0 ,$861 ,"$6,496 ",$0 ,,
"Grassley, Chuck",R,S,IAS1,$0 ,"$102,530 ",$0 ,$861 ,"$266,356 ","$3,570 ",,
"King, Steven A",R,H,IA04,$0 ,"$99,692 ",$0 ,$861 ,"$51,998 ",$0 ,,
"Chabot, Steve",R,H,OH01,$0 ,"$96,542 ",$0 ,$861 ,"$54,498 ",$0 ,,"For more information about how these industry classifications are made, please visit our methodology section, linked to this box. "
"Graham, Lindsey",R,S,SCS2,$0 ,"$90,866 ",$0 ,$861 ,"$8,723 ","$1,897 ",,
"Buck, Kenneth R",R,H,CO04,$0 ,"$89,873 ",$0 ,$861 ,"$819,459 ",$0 ,,
"Roberts, Pat",R,S,KSS1,$0 ,"$89,750 ",$0 ,$861 ,"$663,384 ",$0 ,,
"Young, Todd",R,S,INS2,$0 ,"$87,500 ",$0 ,$861 ,"$440,645 ",$0 ,,
"Hurd, Will",R,H,TX23,$0 ,"$86,900 ",$0 ,$861 ,"$18,592 ",$0 ,,
"Tipton, Scott",R,H,CO03,$0 ,"$85,480 ",$0 ,$861 ,"$85,264 ",$0 ,,
"McCaul, Michael",R,H,TX10,$0 ,"$85,250 ",$0 ,$861 ,"$4,087 ",$0 ,,
"Gardner, Cory",R,S,COS2,$0 ,"$84,396 ",$0 ,$861 ,"$1,328,820 ","$59,935 ",,
"Crapo, Mike",R,S,IDS2,$0 ,"$82,540 ",$0 ,$861 ,"$6,389 ",$0 ,,
"Rodgers, Cathy McMorris",R,H,WA05,$0 ,"$80,447 ",$0 ,"$12,861 ","$19,505 ",$0 ,,
"Thornberry, Mac",R,H,TX13,$0 ,"$80,300 ",$0 ,$861 ,"$1,897 ",$0 ,,
"Daines, Steven",R,S,MTS2,$0 ,"$80,180 ",$0 ,$861 ,"$99,389 ",$0 ,,
"Duffy, Sean P",R,H,WI07,$0 ,"$78,109 ",$0 ,$861 ,"$78,581 ",$0 ,,
"Walberg, Tim",R,H,MI07,$0 ,"$77,100 ",$0 ,$861 ,"$85,623 ",$0 ,,
"Aderholt, Robert B",R,H,AL04,$0 ,"$77,042 ",$0 ,$861 ,"$17,341 ",$0 ,,
"Hartzler, Vicky",R,H,MO04,$0 ,"$76,345 ",$0 ,$861 ,"$48,665 ",$0 ,,
"Simpson, Mike",R,H,ID02,$0 ,"$75,083 ",$0 ,$861 ,"$342,720 ",$0 ,,
"Graves, Sam",R,H,MO06,$0 ,"$74,600 ",$0 ,$861 ,"$60,504 ",$0 ,,
"Cotton, Tom",R,S,ARS1,$0 ,"$73,675 ",$0 ,$861 ,"$1,965,941 ",$0 ,,
"Carter, John",R,H,TX31,$0 ,"$71,000 ",$0 ,$861 ,"$4,663 ",$0 ,,
"Smith, Adrian",R,H,NE03,$0 ,"$70,394 ",$0 ,$861 ,$0 ,$0 ,,
"Lucas, Frank D",R,H,OK03,$0 ,"$70,324 ",$0 ,$861 ,"$5,599 ",$0 ,,
"Wicker, Roger",R,S,MSS2,$0 ,"$68,800 ",$0 ,$861 ,"$60,980 ",$0 ,,
"Rogers, Hal",R,H,KY05,$0 ,"$68,650 ",$0 ,$861 ,$693 ,$0 ,,
"Cramer, Kevin",R,S,NDS2,$0 ,"$67,770 ",$0 ,$861 ,"$3,080 ",$0 ,,
"Latta, Robert E",R,H,OH05,$0 ,"$67,490 ",$0 ,$861 ,"$22,812 ",$0 ,,
"McHenry, Patrick",R,H,NC10,$0 ,"$67,131 ",$0 ,$861 ,"$7,818 ",$0 ,,
"Stivers, Steve",R,H,OH15,$0 ,"$66,050 ",$0 ,$861 ,"$43,553 ",$0 ,,
"Bishop, Rob",R,H,UT01,$0 ,"$65,950 ",$0 ,$861 ,$402 ,$0 ,,
"Harris, Andy",R,H,MD01,$0 ,"$65,797 ",$0 ,$861 ,"$3,573 ",$0 ,,
"Conaway, Mike",R,H,TX11,$0 ,"$65,150 ",$0 ,$861 ,"$1,603 ",$0 ,,
"Amodei, Mark",R,H,NV02,$0 ,"$64,115 ",$0 ,$861 ,"$27,991 ",$0 ,,
"Bishop, Sanford",D,H,GA02,$500 ,"$61,315 ",$0 ,$861 ,$527 ,$0 ,,
"Scott, Rick",R,S,FLS1,$0 ,"$60,402 ",$0 ,"$526,905 ",$0 ,$0 ,,
"Cassidy, Bill",R,S,LAS1,$0 ,"$60,103 ",$0 ,"$342,132 ","$409,201 ",$0 ,,
"Hawley, Josh",R,S,MOS2,$0 ,"$59,660 ",$0 ,$0 ,"$697,080 ",$0 ,,
"Beutler, Jaime Herrera",R,H,WA03,$0 ,"$58,970 ",$0 ,$861 ,"$84,848 ",$0 ,,
"Barrasso, John A",R,S,WYS1,$0 ,"$58,899 ",$0 ,$861 ,"$4,140 ",$0 ,,
"Handel, Karen",R,H,GA06,$0 ,"$58,713 ",$0 ,"$108,930 ","$27,402 ",$0 ,,
"Capito, Shelley Moore",R,S,WVS2,$0 ,"$58,200 ",$0 ,$861 ,"$93,910 ",$0 ,,
"Granger, Kay",R,H,TX12,$0 ,"$58,010 ",$0 ,$861 ,"$1,670 ",$0 ,,
"Kennedy, John",R,S,LAS2,$0 ,"$56,750 ",$0 ,$861 ,"$205,888 ",$0 ,,
"Isakson, Johnny",R,S,GAS2,$0 ,"$56,450 ",$0 ,$861 ,"$116,240 ",$0 ,,
"Moran, Jerry",R,S,KSS2,$0 ,"$54,500 ",$0 ,$861 ,"$15,368 ",$0 ,,
"Shimkus, John M",R,H,IL15,$0 ,"$54,400 ",$0 ,$861 ,"$15,132 ",$0 ,,
"Wilson, Joe",R,H,SC02,$0 ,"$53,639 ",$0 ,$861 ,$321 ,"$2,094 ",,
"Risch, James E",R,S,IDS1,$0 ,"$52,550 ",$0 ,$861 ,$0 ,$0 ,,
"Hoeven, John",R,S,NDS1,$0 ,"$52,400 ",$0 ,$861 ,"$6,650 ",$0 ,,
"Fischer, Deb",R,S,NES1,$0 ,"$51,485 ",$0 ,$861 ,"$35,571 ",$0 ,,
"Flores, Bill",R,H,TX17,$0 ,"$50,650 ",$0 ,$861 ,"$1,032 ",$0 ,,
"Rogers, Mike D",R,H,AL03,$0 ,"$50,600 ",$0 ,$861 ,$229 ,"$2,248 ",,
"Cuellar, Henry",D,H,TX28,$0 ,"$50,499 ",$0 ,$861 ,"$1,994 ",$0 ,,
"Thompson, Mike",D,H,CA05,"$6,500 ","$49,879 ",$0 ,$0 ,$0 ,"$4,413 ",,
"Duncan, Jeff",R,H,SC03,$0 ,"$49,770 ",$0 ,$861 ,$0 ,$0 ,,
"Zeldin, Lee",R,H,NY01,$0 ,"$48,885 ",$0 ,"$45,053 ","$41,431 ",$0 ,,
"Murkowski, Lisa",R,S,AKS2,$0 ,"$48,058 ",$0 ,$861 ,"$126,212 ",$0 ,,
"Hunter, Duncan D",R,H,CA50,$0 ,"$47,537 ",$0 ,$861 ,$0 ,$0 ,,
"Gohmert, Louis B Jr",R,H,TX01,$0 ,"$47,215 ",$0 ,$861 ,$26 ,$0 ,,
"Kelly, Mike",R,H,PA16,$0 ,"$46,450 ",$0 ,$861 ,"$24,466 ",$0 ,,
"Lamborn, Douglas L",R,H,CO05,$0 ,"$46,440 ",$0 ,$861 ,"$13,954 ",$0 ,,
"Graves, Tom",R,H,GA14,$0 ,"$45,850 ",$0 ,$861 ,$0 ,$0 ,,
"Jordan, Jim",R,H,OH04,$0 ,"$45,150 ",$0 ,$861 ,"$3,451 ",$0 ,,
"Olson, Pete",R,H,TX22,$0 ,"$44,890 ",$0 ,$861 ,"$1,061 ",$0 ,,
"Davis, Rodney",R,H,IL13,$0 ,"$44,460 ",$0 ,$861 ,"$42,576 ",$0 ,,
"Mullin, Markwayne",R,H,OK02,$0 ,"$43,850 ",$0 ,$861 ,"$7,976 ",$0 ,,
"Kind, Ron",D,H,WI03,$0 ,"$43,482 ",$0 ,$861 ,"$20,658 ",$0 ,,
"Lankford, James",R,S,OKS1,$0 ,"$43,425 ",$0 ,$861 ,"$7,455 ",$0 ,,
"Thompson, Glenn",R,H,PA15,$0 ,"$43,211 ",$0 ,$861 ,"$1,747 ",$0 ,,
"Schweikert, David",R,H,AZ06,$0 ,"$42,509 ",$0 ,$861 ,"$64,785 ",$0 ,,
"Cole, Tom",R,H,OK04,$0 ,"$41,600 ",$0 ,$861 ,"$8,112 ",$0 ,,
"Griffith, Morgan",R,H,VA09,$0 ,"$41,536 ",$0 ,$861 ,$702 ,$0 ,,
"Diaz-Balart, Mario",R,H,FL25,$0 ,"$41,450 ",$0 ,"$208,560 ","$4,552 ",$0 ,,
"Scott, Tim",R,S,SCS1,$0 ,"$41,300 ",$0 ,$861 ,$563 ,$0 ,,
"Massie, Thomas",R,H,KY04,$0 ,"$41,067 ",$0 ,$861 ,$0 ,$0 ,,
"Boozman, John",R,S,ARS2,$0 ,"$39,820 ",$0 ,$861 ,"$60,502 ",$0 ,,
"Johnson, Bill",R,H,OH06,$0 ,"$39,726 ",$0 ,$861 ,"$45,630 ",$0 ,,
"Hudson, Richard",R,H,NC08,$0 ,"$39,600 ",$0 ,$861 ,"$9,674 ",$0 ,,
"Gianforte, Greg",R,H,MT01,$0 ,"$39,025 ",$0 ,$861 ,"$148,348 ",$0 ,,
"Bost, Mike",R,H,IL12,$0 ,"$38,905 ",$0 ,$861 ,"$18,405 ",$0 ,,
"Tillis, Thom",R,S,NCS1,$0 ,"$38,800 ",$0 ,$861 ,"$1,968,468 ",$0 ,,
"Reed, Tom",R,H,NY23,$0 ,"$38,225 ",$0 ,$861 ,"$9,212 ",$0 ,,
"Lee, Mike",R,S,UTS2,$0 ,"$38,125 ",$0 ,$861 ,"$3,291 ",$0 ,,
"Desjarlais, Scott",R,H,TN04,$0 ,"$38,050 ",$0 ,$861 ,"$3,929 ",$0 ,,
"Brady, Kevin",R,H,TX08,$0 ,"$38,050 ",$0 ,$861 ,"$10,403 ",$0 ,,
"Foxx, Virginia",R,H,NC05,$0 ,"$37,850 ",$0 ,$861 ,$810 ,$0 ,,
"Enzi, Mike",R,S,WYS2,$0 ,"$37,500 ",$0 ,$861 ,"$3,822 ",$0 ,,
"Fortenberry, Jeff",R,H,NE01,$0 ,"$37,150 ",$0 ,$861 ,"$9,678 ",$0 ,,
"Long, Billy",R,H,MO07,$0 ,"$37,124 ",$0 ,$861 ,"$1,638 ",$0 ,,
"Williams, Roger",R,H,TX25,$0 ,"$36,700 ",$0 ,$861 ,"$1,335 ",$0 ,,
"Bacon, Donald John",R,H,NE02,$0 ,"$36,308 ",$0 ,"$12,861 ","$18,590 ",$0 ,,
"Huizenga, Bill",R,H,MI02,$0 ,"$36,230 ",$0 ,$861 ,$0 ,$0 ,,
"Mooney, Alex",R,H,WV02,$0 ,"$36,166 ",$0 ,$861 ,"$21,209 ",$0 ,,
"Turner, Michael R",R,H,OH10,$0 ,"$35,342 ",$0 ,$861 ,"$1,634 ",$0 ,,
"Hyde-Smith, Cindy",R,S,MSS1,$0 ,"$34,986 ",$0 ,$0 ,"$50,212 ",$0 ,,
"Joyce, David P",R,H,OH14,$0 ,"$34,900 ",$0 ,"$5,843 ","$39,266 ",$0 ,,
"Alexander, Lamar",R,S,TNS2,$0 ,"$34,750 ",$0 ,$861 ,"$10,193 ","$1,867 ",,
"Luetkemeyer, Blaine",R,H,MO03,$0 ,"$34,050 ",$0 ,$861 ,"$23,932 ",$0 ,,
"Gosar, Paul",R,H,AZ04,$0 ,"$33,899 ",$0 ,$861 ,"$9,863 ",$0 ,,
"Wittman, Rob",R,H,VA01,$0 ,"$33,600 ",$0 ,$861 ,"$9,221 ",$0 ,,
"Mast, Brian",R,H,FL18,$0 ,"$33,486 ",$0 ,$861 ,"$26,569 ",$571 ,,
"Sensenbrenner, F James Jr",R,H,WI05,"$2,500 ","$32,750 ",$0 ,$861 ,"$2,125 ",$0 ,,
"Walorski, Jackie",R,H,IN02,$0 ,"$31,603 ",$0 ,$861 ,"$15,877 ",$0 ,,
"Holding, George",R,H,NC02,$0 ,"$31,400 ",$0 ,$861 ,"$16,506 ",$0 ,,
"Budd, Ted",R,H,NC13,$0 ,"$31,150 ",$0 ,$861 ,"$195,256 ",$0 ,,
"Womack, Steve",R,H,AR03,$0 ,"$29,650 ",$0 ,$861 ,$0 ,$0 ,,
"Scott, Austin",R,H,GA08,$0 ,"$29,536 ",$0 ,$861 ,$0 ,$0 ,,
"Webster, Daniel",R,H,FL11,$0 ,"$29,200 ",$0 ,$861 ,"$29,838 ",$0 ,,
"Stefanik, Elise",R,H,NY21,$0 ,"$29,011 ",$0 ,$861 ,"$2,179 ",$0 ,,
"Roby, Martha",R,H,AL02,$0 ,"$28,798 ",$0 ,$861 ,"$2,889 ",$42 ,,
"Smith, Jason",R,H,MO08,$0 ,"$28,500 ",$0 ,$861 ,"$1,809 ",$0 ,,
"Braun, Mike",R,S,INS1,$0 ,"$28,350 ",$0 ,$0 ,"$164,364 ",$0 ,,
"Hice, Jody B",R,H,GA10,$0 ,"$28,217 ",$0 ,$861 ,"$7,600 ",$0 ,,
"Gibbs, Bob",R,H,OH07,$0 ,"$27,550 ",$0 ,$861 ,"$2,040 ",$0 ,,
"Stauber, Pete",R,H,MN08,$0 ,"$26,700 ",$0 ,$0 ,"$191,228 ",$0 ,,
"Hill, French",R,H,AR02,$0 ,"$26,600 ",$0 ,$861 ,"$541,676 ",$0 ,,
"Burgess, Michael",R,H,TX26,$0 ,"$26,450 ",$0 ,$861 ,"$1,265 ",$0 ,,
"Barr, Andy",R,H,KY06,$0 ,"$26,309 ",$0 ,$861 ,"$12,207 ",$0 ,,
"Weber, Randy",R,H,TX14,$0 ,"$26,050 ",$0 ,$861 ,"$1,270 ",$0 ,,
"Marchant, Kenny",R,H,TX24,$0 ,"$26,050 ",$0 ,$861 ,$969 ,$0 ,,
"Banks, Jim",R,H,IN03,$0 ,"$25,669 ",$0 ,$861 ,"$12,700 ",$0 ,,
"Fleischmann, Chuck",R,H,TN03,$0 ,"$25,200 ",$0 ,$861 ,"$4,726 ",$0 ,,
"Katko, John",R,H,NY24,$0 ,"$24,900 ",$0 ,$861 ,"$42,692 ",$0 ,,
"Perry, Scott",R,H,PA10,$0 ,"$24,750 ",$0 ,$861 ,"$13,322 ",$0 ,,
"Palazzo, Steven",R,H,MS04,$0 ,"$24,301 ",$0 ,$861 ,"$2,153 ",$0 ,,
"Bilirakis, Gus",R,H,FL12,$0 ,"$24,150 ",$0 ,$861 ,$0 ,$0 ,,
"Ernst, Joni",R,S,IAS2,$0 ,"$23,900 ",$0 ,"$745,661 ","$459,405 ",$0 ,,
"Kinzinger, Adam",R,H,IL16,$0 ,"$23,900 ",$0 ,$861 ,$30 ,$0 ,,
"Stewart, Chris",R,H,UT02,$0 ,"$23,500 ",$0 ,$861 ,$0 ,$0 ,,
"Babin, Brian",R,H,TX36,$0 ,"$23,230 ",$0 ,$861 ,"$1,334 ",$0 ,,
"Palmer, Gary",R,H,AL06,$0 ,"$22,950 ",$0 ,$861 ,$0 ,$0 ,,
"Sasse, Ben",R,S,NES2,$0 ,"$21,757 ",$0 ,$861 ,"$69,541 ",$0 ,,
"Upton, Fred",R,H,MI06,$0 ,"$21,450 ",$0 ,$861 ,"$3,601 ",$0 ,,
"Carter, Buddy",R,H,GA01,$0 ,"$21,100 ",$0 ,$861 ,$352 ,$0 ,,
"Buchanan, Vernon",R,H,FL16,$0 ,"$21,037 ",$0 ,"$12,861 ","$4,490 ",$0 ,,
"Ryan, Tim",D,H,OH13,"$3,200 ","$20,996 ",$0 ,$0 ,"$8,005 ","$3,196 ",,
"LaMalfa, Doug",R,H,CA01,$0 ,"$20,850 ",$0 ,$861 ,"$3,590 ",$0 ,,
"Manchin, Joe",D,S,WVS1,"$2,000 ","$20,700 ",$0 ,$0 ,"$27,634 ","$255,941 ",,
"Grothman, Glenn S",R,H,WI06,$0 ,"$20,505 ",$0 ,$861 ,"$9,744 ",$0 ,,
"Amash, Justin",R,H,MI03,$0 ,"$20,046 ",$0 ,$861 ,$0 ,$0 ,,
"Collins, Susan M",R,S,MES2,$0 ,"$19,800 ","$536,098 ",$0 ,$0 ,"$1,701 ",,
"McKinley, David",R,H,WV01,$0 ,"$19,800 ",$0 ,$861 ,"$7,963 ",$0 ,,
"Allen, Richard W",R,H,GA12,$0 ,"$19,775 ",$0 ,$861 ,$0 ,$0 ,,
"Graves, Garret",R,H,LA06,$0 ,"$19,600 ",$0 ,$861 ,"$2,900 ",$0 ,,
"Guthrie, Brett",R,H,KY02,$0 ,"$19,500 ",$0 ,$861 ,$0 ,$0 ,,
"Meadows, Mark R",R,H,NC11,$0 ,"$19,365 ",$0 ,$861 ,"$2,661 ",$0 ,,
"Rounds, Mike",R,S,SDS2,$0 ,"$19,100 ",$0 ,$861 ,"$83,983 ",$0 ,,
"Bucshon, Larry",R,H,IN08,$0 ,"$18,750 ",$0 ,$861 ,"$10,319 ",$0 ,,
"Cook, Paul",R,H,CA08,$0 ,"$18,600 ",$0 ,$861 ,$0 ,$0 ,,
"Rice, Tom",R,H,SC07,$0 ,"$18,500 ",$0 ,$861 ,$0 ,$0 ,,
"Emmer, Tom",R,H,MN06,$0 ,"$18,477 ",$0 ,$861 ,"$10,793 ",$0 ,,
"Yoho, Ted",R,H,FL03,$0 ,"$18,410 ",$0 ,$861 ,$92 ,$0 ,,
"Perdue, David",R,S,GAS1,$0 ,"$18,150 ",$0 ,$861 ,"$390,904 ",$0 ,,
"Rouzer, David",R,H,NC07,$0 ,"$18,000 ",$0 ,$861 ,"$1,059 ",$0 ,,
"Wagner, Ann L",R,H,MO02,$0 ,"$17,500 ",$0 ,$861 ,"$2,477 ",$0 ,,
"Crawford, Rick",R,H,AR01,$0 ,"$17,235 ",$0 ,$861 ,"$1,977 ",$0 ,,
"Posey, Bill",R,H,FL08,$0 ,"$16,800 ",$0 ,$861 ,"$2,436 ",$0 ,,
"Cheney, Liz",R,H,WY01,$0 ,"$16,600 ",$0 ,$861 ,$0 ,$0 ,,
"Kustoff, David",R,H,TN08,$0 ,"$16,400 ",$0 ,$861 ,"$1,615 ",$0 ,,
"Westerman, Bruce",R,H,AR04,$0 ,"$16,000 ",$0 ,$861 ,"$6,504 ",$0 ,,
"Wenstrup, Brad",R,H,OH02,$0 ,"$16,000 ",$0 ,$861 ,$864 ,$0 ,,
"Loudermilk, Barry",R,H,GA11,$0 ,"$15,900 ",$0 ,$861 ,$0 ,$0 ,,
"Johnson, Mike",R,H,LA04,$0 ,"$15,644 ",$0 ,$861 ,"$5,223 ",$0 ,,
"Brooks, Mo",R,H,AL05,$0 ,"$14,525 ",$0 ,$861 ,$0 ,$0 ,,
"Collins, Doug",R,H,GA09,$0 ,"$14,500 ",$0 ,$861 ,"$6,640 ",$0 ,,
"Sullivan, Dan",R,S,AKS1,$0 ,"$14,136 ",$0 ,$861 ,"$44,617 ",$0 ,,
"Bergman, John",R,H,MI01,$0 ,"$13,900 ",$0 ,$861 ,$0 ,$0 ,,
"Hagedorn, Jim",R,H,MN01,$0 ,"$13,850 ",$0 ,$0 ,"$18,235 ",$0 ,,
"Riggleman, Denver",R,H,VA05,$0 ,"$13,850 ",$0 ,$0 ,"$32,246 ",$0 ,,
"Smucker, Lloyd",R,H,PA11,$0 ,"$13,450 ",$0 ,$861 ,"$217,283 ",$0 ,,
"Crist, Charlie",D,H,FL13,$0 ,"$12,900 ",$0 ,$0 ,$0 ,$0 ,,
"Walker, Mark",R,H,NC06,$0 ,"$12,800 ",$0 ,$861 ,"$1,126 ",$0 ,,
"Brooks, Susan",R,H,IN05,$0 ,"$12,600 ",$0 ,$861 ,$0 ,$0 ,,
"Schrader, Kurt",D,H,OR05,$0 ,"$12,500 ",$0 ,$861 ,"$4,887 ",$0 ,,
"Kelly, Trent",R,H,MS01,$0 ,"$12,250 ",$0 ,$861 ,"$1,921 ",$0 ,,
"Lesko, Debbie",R,H,AZ08,$0 ,"$12,200 ",$0 ,$0 ,"$4,046 ",$0 ,,
"Ratcliffe, John Lee",R,H,TX04,$0 ,"$12,200 ",$0 ,$861 ,"$1,476 ",$0 ,,
"Newhouse, Dan",R,H,WA04,$0 ,"$12,050 ",$0 ,$861 ,$0 ,"$8,456 ",,
"Byrne, Bradley",R,S,ALS1,$0 ,"$12,000 ",$0 ,$861 ,"$3,237 ",$0 ,,
"Estes, Ron",R,H,KS04,$0 ,"$12,000 ",$0 ,$861 ,"$3,979 ",$0 ,,
"Balderson, Troy",R,H,OH12,$0 ,"$11,950 ",$0 ,$0 ,"$14,863 ",$0 ,,
"Roy, Chip",R,H,TX21,$0 ,"$11,800 ",$0 ,$0 ,"$27,826 ",$0 ,,
"Arrington, Jodey",R,H,TX19,$0 ,"$11,785 ",$0 ,$861 ,"$1,060 ",$0 ,,
"Norman, Ralph",R,H,SC05,$0 ,"$11,553 ",$0 ,$861 ,"$3,079 ",$0 ,,
"Collins, Chris",R,H,NY27,$0 ,"$11,550 ",$0 ,$861 ,$0 ,$0 ,,
"Ferguson, Drew",R,H,GA03,$0 ,"$11,500 ",$0 ,$861 ,$0 ,$0 ,,
"Abraham, Ralph",R,H,LA05,$0 ,"$11,500 ",$0 ,$861 ,"$2,974 ",$0 ,,
"Curtis, John",R,H,UT03,$0 ,"$11,050 ",$0 ,$861 ,$0 ,$0 ,,
"Mitchell, Paul",R,H,MI10,$0 ,"$10,880 ",$0 ,$861 ,$0 ,$0 ,,
"Gaetz, Matt",R,H,FL01,$0 ,"$10,700 ",$0 ,$861 ,$0 ,$23 ,,
"Gallagher, Mike",R,H,WI08,$0 ,"$10,590 ",$0 ,$861 ,"$36,629 ",$0 ,,
"Burchett, Tim",R,H,TN02,$0 ,"$10,200 ",$0 ,$0 ,"$1,387 ",$0 ,,
"Woodall, Rob",R,H,GA07,$0 ,"$9,400 ",$0 ,$861 ,$0 ,$0 ,,
"LaHood, Darin",R,H,IL18,$0 ,"$9,200 ",$0 ,$861 ,"$13,990 ",$0 ,,
"Leahy, Patrick",D,S,VTS2,$0 ,"$9,000 ",$0 ,$0 ,$0 ,$0 ,,
"Higgins, Clay",R,H,LA03,$0 ,"$9,000 ",$0 ,$861 ,$0 ,$0 ,,
"Heinrich, Martin",D,S,NMS1,"$9,130 ","$8,850 ",$0 ,$0 ,"$17,000 ",$0 ,,
"Spano, Ross",R,H,FL15,$0 ,"$8,700 ",$0 ,$0 ,"$9,994 ",$0 ,,
"Davidson, Warren",R,H,OH08,$0 ,"$8,550 ",$0 ,$861 ,$987 ,$0 ,,
"Green, Mark",R,H,TN07,$0 ,"$8,360 ",$0 ,$0 ,"$1,576 ",$0 ,,
"Hollingsworth, Trey",R,H,IN09,$0 ,"$8,000 ",$0 ,$861 ,"$8,960 ",$0 ,,
"Moolenaar, John",R,H,MI04,$0 ,"$8,000 ",$0 ,$861 ,"$5,554 ",$0 ,,
"Comer, James",R,H,KY01,$0 ,"$7,700 ",$0 ,$861 ,"$6,242 ",$0 ,,
"Pence, Greg",R,H,IN06,$0 ,"$7,420 ",$0 ,$0 ,"$4,787 ",$0 ,,
"Dunn, Neal",R,H,FL02,$0 ,"$7,250 ",$0 ,$861 ,"$1,699 ",$325 ,,
"Biggs, Andy",R,H,AZ05,$0 ,"$7,000 ",$0 ,$861 ,"$3,308 ",$0 ,,
"Crenshaw, Dan",R,H,TX02,$0 ,"$6,965 ",$0 ,$0 ,$891 ,$0 ,,
"Rose, John",R,H,TN06,$0 ,"$6,200 ",$0 ,$0 ,"$1,731 ",$0 ,,
"Cloud, Michael",R,H,TX27,$0 ,"$6,200 ",$0 ,$0 ,"$1,025 ",$0 ,,
"Waltz, Michael",R,H,FL06,$0 ,"$6,000 ",$0 ,$0 ,"$11,123 ",$0 ,,
"Higgins, Brian M",D,H,NY26,"$1,000 ","$6,000 ",$0 ,$0 ,$0 ,$0 ,,
"Reschenthaler, Guy",R,H,PA14,$0 ,"$6,000 ",$0 ,$0 ,"$1,605 ",$0 ,,
"Hastings, Alcee L",D,H,FL20,$0 ,"$5,950 ",$0 ,$0 ,$0 ,$0 ,,
"Marshall, Roger",R,H,KS01,$0 ,"$5,750 ",$0 ,$861 ,$0 ,$0 ,,
"Warner, Mark",D,S,VAS2,$0 ,"$5,500 ","$41,000 ",$0 ,$0 ,"$204,731 ",,
"Lujan, Ben R",D,H,NM03,"$6,650 ","$5,500 ",$0 ,$0 ,$0 ,$0 ,,
"Rutherford, John",R,H,FL04,$0 ,"$5,200 ",$0 ,$861 ,$0 ,$0 ,,
"Steube, Greg",R,H,FL17,$0 ,"$5,000 ",$0 ,$0 ,$0 ,$0 ,,
"King, Pete",R,H,NY02,"$3,500 ","$4,950 ",$0 ,$0 ,$0 ,"$1,052 ",,
"Clyburn, James E",D,H,SC06,$500 ,"$4,950 ",$0 ,$0 ,$0 ,$388 ,,
"Taylor, Van",R,H,TX03,$0 ,"$4,847 ",$0 ,$0 ,"$1,703 ",$0 ,,
"Gonzalez, Anthony",R,H,OH16,$0 ,"$4,800 ",$0 ,$0 ,$942 ,$0 ,,
"Johnson, Dusty",R,H,SD01,$0 ,"$4,500 ",$0 ,$0 ,"$14,488 ",$0 ,,
"Cline, Ben",R,H,VA06,$0 ,"$4,350 ",$0 ,$0 ,$0 ,$0 ,,
"Klobuchar, Amy",D,S,MNS2,"$17,715 ","$4,000 ",$0 ,$0 ,$0 ,$0 ,,
"Gooden, Lance",R,H,TX05,$0 ,"$4,000 ",$0 ,$0 ,"$4,504 ",$0 ,,
"Wright, Ron",R,H,TX06,$0 ,"$3,950 ",$0 ,$0 ,$986 ,$0 ,,
"Armstrong, Kelly",R,H,ND01,$0 ,"$3,700 ",$0 ,$0 ,"$1,522 ",$0 ,,
"Fulcher, Russ",R,H,ID01,$0 ,"$3,000 ",$0 ,$0 ,$0 ,$0 ,,
"DeFazio, Peter",D,H,OR04,"$2,000 ","$3,000 ",$0 ,$0 ,$0 ,$0 ,,
"Miller, Carol",R,H,WV03,$0 ,"$3,000 ",$0 ,$0 ,"$5,985 ",$0 ,,
"Costa, Jim",D,H,CA16,"$2,000 ","$2,900 ",$0 ,$0 ,$0 ,$0 ,,
"Watkins, Steve",R,H,KS02,$0 ,"$2,750 ",$0 ,$0 ,"$15,285 ",$0 ,,
"Tester, Jon",D,S,MTS1,"$41,310 ","$2,500 ",$0 ,$0 ,$0 ,"$563,666 ",,
"Stabenow, Debbie",D,S,MIS2,"$43,237 ","$2,000 ","$1,566 ",$0 ,$0 ,"$3,276 ",,
"Meuser, Dan",R,H,PA09,$0 ,"$2,000 ",$0 ,$0 ,$0 ,$0 ,,
"Fitzpatrick, Brian",R,H,PA01,"$5,500 ","$1,950 ",$0 ,$0 ,$0 ,$0 ,,
"Rooney, Francis",R,H,FL19,$0 ,"$1,000 ",$0 ,$0 ,$0 ,$0 ,,
"Baird, Jim",R,H,IN04,$0 ,"$1,000 ",$0 ,$0 ,"$6,693 ",$0 ,,
"Van Drew, Jeff",D,H,NJ02,$0 ,"$1,000 ",$0 ,$0 ,$0 ,$0 ,,
"Horsford, Steven",D,H,NV04,"$11,700 ","$1,000 ",$0 ,$0 ,$0 ,$0 ,,
"Hern, Kevin",R,H,OK01,$0 ,"$1,000 ",$0 ,$0 ,$0 ,$0 ,,
"Joyce, John",R,H,PA13,$0 ,"$1,000 ",$0 ,$0 ,"$1,718 ",$0 ,,
"Timmons, William",R,H,SC04,$0 ,"$1,000 ",$0 ,$0 ,$0 ,$0 ,,
"Gonzalez, Vicente",D,H,TX15,$0 ,"$1,000 ",$0 ,$0 ,$0 ,$0 ,,
"Welch, Peter",D,H,VT01,$0 ,"$1,000 ",$0 ,$0 ,$0 ,$0 ,,
"Rosen, Jacky",D,S,NVS1,"$39,242 ",$13 ,$0 ,$0 ,$0 ,"$29,875 ",,
"Harder, Josh",D,H,CA10,"$8,257 ",$13 ,$0 ,$0 ,$0 ,"$5,443 ",,
"Levin, Mike",D,H,CA49,"$21,712 ",$13 ,$0 ,$0 ,$0 ,$742 ,,
"Crow, Jason",D,H,CO06,"$35,182 ",$13 ,"$746,275 ",$0 ,$0 ,"$1,321 ",,
"Wild, Susan",D,H,PA07,"$9,557 ",$13 ,$0 ,$0 ,$0 ,$0 ,,
"Fletcher, Lizzie",D,H,TX07,"$25,537 ",$13 ,$900 ,$0 ,$0 ,"$4,696 ",,
"Allred, Colin",D,H,TX32,"$14,999 ",$13 ,$0 ,$0 ,$0 ,"$6,259 ",,
"Wexton, Jennifer",D,H,VA10,"$32,202 ",$13 ,"$4,868 ",$0 ,$0 ,"$6,078 ",,
"Jones, Doug",D,S,ALS1,$885 ,$0 ,$0 ,$0 ,$0 ,"$88,230 ",,
"Sinema, Kyrsten",D,S,AZS2,$0 ,$0 ,"$200,000 ",$0 ,$0 ,"$93,494 ",,
"Harris, Kamala D",D,S,CAS1,$0 ,$0 ,$0 ,$0 ,$0 ,$0 ,,
"Feinstein, Dianne",D,S,CAS2,"$28,352 ",$0 ,$0 ,$0 ,$0 ,$278 ,,
"Bennet, Michael F",D,S,COS1,"$18,671 ",$0 ,$0 ,$0 ,"$117,540 ","$38,813 ",,
"Murphy, Christopher S",D,S,CTS1,"$30,432 ",$0 ,$0 ,$0 ,$0 ,"$85,074 ",,
"Blumenthal, Richard",D,S,CTS2,"$2,654 ",$0 ,$0 ,$0 ,$0 ,"$55,221 ",,
"Carper, Tom",D,S,DES1,"$10,500 ",$0 ,$0 ,$0 ,$0 ,$0 ,,
"Coons, Chris",D,S,DES2,$0 ,$0 ,$0 ,$0 ,"$26,000 ","$53,061 ",,
"Schatz, Brian",D,S,HIS1,$0 ,$0 ,$0 ,$0 ,$0 ,$143 ,,
"Hirono, Mazie K",D,S,HIS2,"$1,250 ",$0 ,$0 ,$0 ,$0 ,$0 ,,
"Durbin, Dick",D,S,ILS1,"$8,783 ",$0 ,$0 ,$0 ,$0 ,$0 ,,
"Duckworth, Tammy",D,S,ILS2,"$4,859 ",$0 ,$0 ,$0 ,$0 ,$0 ,,
"Warren, Elizabeth",D,S,MAS1,"$64,481 ",$0 ,$0 ,$0 ,$0 ,"$3,927 ",,
"Markey, Ed",D,S,MAS2,"$2,500 ",$0 ,$0 ,$0 ,$0 ,$442 ,,
"Cardin, Ben",D,S,MDS1,"$2,000 ",$0 ,$0 ,$0 ,$0 ,$315 ,,
"Van Hollen, Chris",D,S,MDS2,"$11,980 ",$0 ,$0 ,$0 ,$0 ,$0 ,,
"King, Angus",I,S,MES1,"$19,635 ",$0 ,$0 ,$0 ,$0 ,"$2,686 ",,
"Peters, Gary",D,S,MIS1,$0 ,$0 ,"$17,263 ",$0 ,$0 ,$511 ,,
"Smith, Tina",D,S,MNS1,"$15,745 ",$0 ,$0 ,$0 ,$0 ,$0 ,,
"Hassan, Maggie",D,S,NHS1,$0 ,$0 ,$0 ,$0 ,$0 ,"$48,098 ",,
"Shaheen, Jeanne",D,S,NHS2,"$3,500 ",$0 ,"$130,845 ",$0 ,$0 ,"$251,409 ",,
"Menendez, Robert",D,S,NJS1,"$4,250 ",$0 ,$0 ,$0 ,$0 ,$256 ,,
"Booker, Cory",D,S,NJS2,$0 ,$0 ,$0 ,$0 ,$0 ,"$23,641 ",,
"Udall, Tom",D,S,NMS2,"$2,000 ",$0 ,$0 ,$0 ,$0 ,$0 ,,
"Masto, Catherine Cortez",D,S,NVS2,"$26,861 ",$0 ,$0 ,$0 ,$0 ,"$2,422,829 ",,
"Gillibrand, Kirsten",D,S,NYS1,"$13,126 ",$0 ,"$2,050 ",$0 ,"$4,259 ",$0 ,,
"Schumer, Charles E",D,S,NYS2,"$20,864 ",$0 ,$0 ,$0 ,$0 ,$0 ,,
"Brown, Sherrod",D,S,OHS1,"$50,246 ",$0 ,$0 ,$0 ,$0 ,"$907,134 ",,
"Merkley, Jeff",D,S,ORS1,$500 ,$0 ,$0 ,$0 ,$0 ,$0 ,,
"Wyden, Ron",D,S,ORS2,"$2,500 ",$0 ,$0 ,$0 ,$0 ,$0 ,,
"Casey, Bob",D,S,PAS2,"$28,705 ",$0 ,$0 ,$0 ,$0 ,"$20,404 ",,
"Whitehouse, Sheldon",D,S,RIS1,"$13,798 ",$0 ,$0 ,$0 ,$0 ,$0 ,,
"Reed, Jack",D,S,RIS2,"$4,450 ",$0 ,$0 ,$0 ,$0 ,$0 ,,
"Romney, Mitt",R,S,UTS1,$0 ,$0 ,$0 ,$0 ,"$3,283,364 ","$1,909 ",,
"Kaine, Tim",D,S,VAS1,"$89,258 ",$0 ,$0 ,$0 ,$0 ,"$612,441 ",,
"Sanders, Bernie",I,S,VTS1,$0 ,$0 ,$0 ,$0 ,$238 ,$0 ,,
"Cantwell, Maria",D,S,WAS1,"$4,000 ",$0 ,"$3,134 ",$0 ,$0 ,$496 ,,
"Murray, Patty",D,S,WAS2,"$9,329 ",$0 ,$0 ,$0 ,$0 ,"$6,704 ",,
"Baldwin, Tammy",D,S,WIS1,"$52,298 ",$0 ,$0 ,$0 ,$0 ,"$392,201 ",,
"Sewell, Terri A",D,H,AL07,"$1,250 ",$0 ,$0 ,$0 ,$0 ,$0 ,,
"O'Halleran, Tom",D,H,AZ01,"$12,200 ",$0 ,$0 ,$0 ,$0 ,$784 ,,
"Kirkpatrick, Ann",D,H,AZ02,"$13,849 ",$0 ,$0 ,$0 ,$0 ,"$5,851 ",,
"Grijalva, Raul M",D,H,AZ03,$0 ,$0 ,$0 ,$0 ,$0 ,$0 ,,
"Gallego, Ruben",D,H,AZ07,"$1,165 ",$0 ,$0 ,$0 ,$0 ,$0 ,,
"Stanton, Greg",D,H,AZ09,"$3,633 ",$0 ,$0 ,$0 ,$0 ,$0 ,,
"Huffman, Jared",D,H,CA02,$0 ,$0 ,$0 ,$0 ,$0 ,$0 ,,
"Garamendi, John",D,H,CA03,$0 ,$0 ,$0 ,$0 ,$0 ,$0 ,,
"Matsui, Doris O",D,H,CA06,$250 ,$0 ,$0 ,$0 ,$0 ,$0 ,,
"Bera, Ami",D,H,CA07,"$1,752 ",$0 ,$0 ,$0 ,$0 ,$0 ,,
"McNerney, Jerry",D,H,CA09,$0 ,$0 ,$0 ,$0 ,$0 ,$199 ,,
"Desaulnier, Mark",D,H,CA11,$0 ,$0 ,$0 ,$0 ,$0 ,$0 ,,
"Pelosi, Nancy",D,H,CA12,"$7,338 ",$0 ,$0 ,$0 ,$0 ,$278 ,,
"Lee, Barbara",D,H,CA13,"$3,675 ",$0 ,$0 ,$0 ,$0 ,$278 ,,
"Speier, Jackie",D,H,CA14,"$5,975 ",$0 ,$0 ,$0 ,$0 ,$0 ,,
"Swalwell, Eric",D,H,CA15,"$3,700 ",$0 ,$0 ,$0 ,$0 ,$0 ,,
"Khanna, Ro",D,H,CA17,$0 ,$0 ,$0 ,$0 ,$0 ,$0 ,,
"Eshoo, Anna",D,H,CA18,$0 ,$0 ,$0 ,$0 ,$0 ,$278 ,,
"Lofgren, Zoe",D,H,CA19,$0 ,$0 ,$0 ,$0 ,$0 ,$278 ,,
"Panetta, Jimmy",D,H,CA20,$0 ,$0 ,$0 ,$0 ,$0 ,$0 ,,
"Cox, TJ",D,H,CA21,"$2,812 ",$0 ,$0 ,$0 ,$0 ,$260 ,,
"Carbajal, Salud",D,H,CA24,"$2,250 ",$0 ,$0 ,$0 ,$0 ,$0 ,,
"Hill, Katie",D,H,CA25,"$29,798 ",$0 ,$0 ,$0 ,$0 ,"$6,845 ",,
"Brownley, Julia",D,H,CA26,$0 ,$0 ,$0 ,$0 ,$0 ,$0 ,,
"Chu, Judy",D,H,CA27,$0 ,$0 ,$0 ,$0 ,$0 ,$0 ,,
"Schiff, Adam",D,H,CA28,"$15,435 ",$0 ,$0 ,$0 ,$0 ,"$2,191 ",,
"Cardenas, Tony",D,H,CA29,$0 ,$0 ,$0 ,$0 ,$0 ,$0 ,,
"Sherman, Brad",D,H,CA30,"$2,500 ",$0 ,$0 ,$0 ,$0 ,$278 ,,
"Aguilar, Pete",D,H,CA31,"$2,600 ",$0 ,$0 ,$0 ,$0 ,$0 ,,
"Napolitano, Grace",D,H,CA32,"$1,000 ",$0 ,$0 ,$0 ,$0 ,$278 ,,
"Lieu, Ted",D,H,CA33,$0 ,$0 ,$0 ,$0 ,$0 ,$0 ,,
"Gomez, Jimmy",D,H,CA34,$0 ,$0 ,$0 ,$0 ,$0 ,$0 ,,
"Torres, Norma",D,H,CA35,"$1,000 ",$0 ,$0 ,$0 ,$0 ,$0 ,,
"Ruiz, Raul",D,H,CA36,$0 ,$0 ,$0 ,$0 ,$0 ,$0 ,,
"Bass, Karen",D,H,CA37,$0 ,$0 ,$0 ,$0 ,$0 ,$0 ,,
"Sanchez, Linda",D,H,CA38,"$3,000 ",$0 ,$0 ,$0 ,$0 ,$0 ,,
"Cisneros, Gil",D,H,CA39,"$9,680 ",$0 ,$0 ,$0 ,$0 ,"$4,492 ",,
"Roybal-Allard, Lucille",D,H,CA40,$0 ,$0 ,$0 ,$0 ,$0 ,$278 ,,
"Takano, Mark",D,H,CA41,"$6,500 ",$0 ,$0 ,$0 ,$0 ,$0 ,,
"Waters, Maxine",D,H,CA43,$500 ,$0 ,$0 ,$0 ,$0 ,$278 ,,
"Barragan, Nanette",D,H,CA44,$0 ,$0 ,$0 ,$0 ,$0 ,$0 ,,
"Porter, Katie",D,H,CA45,"$16,745 ",$0 ,$0 ,$0 ,$0 ,"$5,877 ",,
"Correa, Lou",D,H,CA46,$0 ,$0 ,$0 ,$0 ,$0 ,$0 ,,
"Lowenthal, Alan",D,H,CA47,$0 ,$0 ,$0 ,$0 ,$0 ,$0 ,,
"Rouda, Harley",D,H,CA48,"$16,559 ",$0 ,"$7,150 ",$0 ,$0 ,"$1,314 ",,
"Vargas, Juan",D,H,CA51,$0 ,$0 ,$0 ,$0 ,$0 ,$0 ,,
"Peters, Scott",D,H,CA52,$0 ,$0 ,$0 ,$0 ,$0 ,$0 ,,
"Davis, Susan A",D,H,CA53,$500 ,$0 ,$0 ,$0 ,$0 ,"$2,273 ",,
"DeGette, Diana",D,H,CO01,"$6,250 ",$0 ,$0 ,$0 ,$0 ,$0 ,,
"Neguse, Joseph",D,H,CO02,"$2,000 ",$0 ,$0 ,$0 ,$0 ,$0 ,,
"Perlmutter, Ed",D,H,CO07,"$6,800 ",$0 ,$0 ,$0 ,$0 ,$0 ,,
"Larson, John B",D,H,CT01,$250 ,$0 ,$0 ,$0 ,$0 ,$326 ,,
"Courtney, Joe",D,H,CT02,"$9,810 ",$0 ,$0 ,$0 ,$0 ,$0 ,,
"DeLauro, Rosa L",D,H,CT03,"$4,500 ",$0 ,$0 ,$0 ,$0 ,$326 ,,
"Himes, Jim",D,H,CT04,"$6,700 ",$0 ,$0 ,$0 ,$0 ,$0 ,,
"Hayes, Jahana",D,H,CT05,"$4,200 ",$0 ,$0 ,$0 ,$0 ,$0 ,,
"Rochester, Lisa Blunt",D,H,DE01,$0 ,$0 ,$0 ,$0 ,$0 ,$0 ,,
"Lawson, Al",D,H,FL05,$0 ,$0 ,$0 ,$0 ,$0 ,$92 ,,
"Murphy, Stephanie",D,H,FL07,"$18,750 ",$0 ,"$7,150 ",$0 ,$0 ,$0 ,,
"Soto, Darren",D,H,FL09,$0 ,$0 ,$0 ,$0 ,$0 ,$0 ,,
"Demings, Val",D,H,FL10,"$3,800 ",$0 ,$0 ,$0 ,$0 ,$93 ,,
"Castor, Kathy",D,H,FL14,$0 ,$0 ,$0 ,$0 ,$0 ,$0 ,,
"Frankel, Lois J",D,H,FL21,$0 ,$0 ,$0 ,$0 ,$0 ,$0 ,,
"Deutch, Ted",D,H,FL22,"$5,500 ",$0 ,$0 ,$0 ,$0 ,$0 ,,
"Schultz, Debbie Wasserman",D,H,FL23,$250 ,$0 ,$0 ,$0 ,$0 ,$0 ,,
"Wilson, Frederica",D,H,FL24,$0 ,$0 ,$0 ,$0 ,$0 ,$0 ,,
"Mucarsel-Powell, Debbie",D,H,FL26,"$7,735 ",$0 ,$0 ,$0 ,$0 ,$0 ,,
"Shalala, Donna",D,H,FL27,"$2,500 ",$0 ,$0 ,$0 ,$0 ,$0 ,,
"Johnson, Hank",D,H,GA04,$0 ,$0 ,$0 ,$0 ,$0 ,$678 ,,
"Lewis, John",D,H,GA05,"$3,468 ",$0 ,$0 ,$0 ,$0 ,$381 ,,
"McBath, Lucy",D,H,GA06,"$23,491 ",$0 ,"$4,022,838 ",$0 ,$0 ,"$5,405 ",,
"Scott, David",D,H,GA13,$0 ,$0 ,$0 ,$0 ,$0 ,$0 ,,
"Case, Ed",D,H,HI01,"$1,000 ",$0 ,$0 ,$0 ,$0 ,$0 ,,
"Gabbard, Tulsi",D,H,HI02,$0 ,$0 ,$0 ,$0 ,$0 ,$143 ,,
"Finkenauer, Abby",D,H,IA01,"$1,000 ",$0 ,$0 ,$0 ,$0 ,"$12,863 ",,
"Loebsack, David",D,H,IA02,$500 ,$0 ,$0 ,$0 ,$0 ,$0 ,,
"Axne, Cindy",D,H,IA03,"$11,858 ",$0 ,$0 ,$0 ,$0 ,"$47,047 ",,
"Rush, Bobby L",D,H,IL01,$0 ,$0 ,$0 ,$0 ,$0 ,$328 ,,
"Kelly, Robin",D,H,IL02,"$3,000 ",$0 ,"$64,532 ",$0 ,$0 ,$0 ,,
"Lipinski, Daniel",D,H,IL03,$0 ,$0 ,$0 ,$0 ,$0 ,$0 ,,
"Garcia, Jesus",D,H,IL04,$0 ,$0 ,$0 ,$0 ,$0 ,$0 ,,
"Quigley, Mike",D,H,IL05,"$2,000 ",$0 ,$0 ,$0 ,$0 ,$0 ,,
"Casten, Sean",D,H,IL06,$5 ,$0 ,$0 ,$0 ,$0 ,$0 ,,
"Davis, Danny K",D,H,IL07,$500 ,$0 ,$0 ,$0 ,$0 ,$328 ,,
"Krishnamoorthi, Raja",D,H,IL08,$0 ,$0 ,$0 ,$0 ,$0 ,$0 ,,
"Schakowsky, Jan",D,H,IL09,"$2,500 ",$0 ,$0 ,$0 ,$0 ,$328 ,,
"Schneider, Brad",D,H,IL10,"$3,122 ",$0 ,$30 ,$0 ,$0 ,$0 ,,
"Foster, Bill",D,H,IL11,$0 ,$0 ,$0 ,$0 ,$0 ,$0 ,,
"Underwood, Lauren A",D,H,IL14,"$10,218 ",$0 ,$0 ,$0 ,$0 ,"$9,915 ",,
"Bustos, Cheri",D,H,IL17,"$3,075 ",$0 ,$0 ,$0 ,$0 ,$0 ,,
"Visclosky, Pete",D,H,IN01,"$1,000 ",$0 ,$0 ,$0 ,$0 ,$432 ,,
"Carson, Andre",D,H,IN07,"$1,000 ",$0 ,$0 ,$0 ,$0 ,$0 ,,
"Davids, Sharice",D,H,KS03,"$5,080 ",$0 ,$0 ,$0 ,$0 ,"$6,170 ",,
"Yarmuth, John A",D,H,KY03,"$1,000 ",$0 ,$0 ,$0 ,$0 ,$0 ,,
"Richmond, Cedric",D,H,LA02,"$3,000 ",$0 ,$0 ,$0 ,$0 ,$0 ,,
"Neal, Richard E",D,H,MA01,$500 ,$0 ,$0 ,$0 ,$0 ,$442 ,,
"McGovern, James P",D,H,MA02,"$5,908 ",$0 ,$0 ,$0 ,$0 ,$442 ,,
"Trahan, Lori",D,H,MA03,"$1,000 ",$0 ,$0 ,$0 ,$0 ,$0 ,,
"Kennedy, Joe III",D,H,MA04,"$8,503 ",$0 ,$0 ,$0 ,$0 ,$0 ,,
"Clark, Katherine",D,H,MA05,"$3,825 ",$0 ,$0 ,$0 ,$0 ,$0 ,,
"Moulton, Seth",D,H,MA06,"$1,000 ",$0 ,$0 ,$0 ,$0 ,$0 ,,
"Pressley, Ayanna",D,H,MA07,$800 ,$0 ,$0 ,$0 ,$0 ,$0 ,,
"Lynch, Stephen F",D,H,MA08,$0 ,$0 ,$0 ,$0 ,$0 ,$0 ,,
"Keating, Bill",D,H,MA09,$0 ,$0 ,$0 ,$0 ,$0 ,$0 ,,
"Ruppersberger, Dutch",D,H,MD02,$0 ,$0 ,$0 ,$0 ,$0 ,$0 ,,
"Sarbanes, John",D,H,MD03,$0 ,$0 ,$0 ,$0 ,$0 ,$0 ,,
"Brown, Anthony",D,H,MD04,$0 ,$0 ,$0 ,$0 ,$0 ,$0 ,,
"Hoyer, Steny H",D,H,MD05,"$5,750 ",$0 ,$0 ,$0 ,$0 ,$315 ,,
"Trone, David",D,H,MD06,$0 ,$0 ,$0 ,$0 ,$0 ,$0 ,,
"Cummings, Elijah E",D,H,MD07,"$2,450 ",$0 ,$0 ,$0 ,$0 ,$315 ,,
"Raskin, Jamie",D,H,MD08,$0 ,$0 ,$0 ,$0 ,$0 ,$0 ,,
"Pingree, Chellie",D,H,ME01,"$2,500 ",$0 ,$0 ,$0 ,$0 ,$0 ,,
"Golden, Jared",D,H,ME02,$5 ,$0 ,$0 ,$0 ,$0 ,"$13,569 ",,
"Kildee, Dan",D,H,MI05,"$1,000 ",$0 ,$0 ,$0 ,$0 ,$0 ,,
"Slotkin, Elissa",D,H,MI08,"$10,240 ",$0 ,$0 ,$0 ,$0 ,$952 ,,
"Levin, Andy",D,H,MI09,$0 ,$0 ,$0 ,$0 ,$0 ,$0 ,,
"Stevens, Haley",D,H,MI11,"$6,835 ",$0 ,$0 ,$0 ,$0 ,$0 ,,
"Dingell, Debbie",D,H,MI12,"$3,175 ",$0 ,$0 ,$0 ,$0 ,$0 ,,
"Tlaib, Rashida",D,H,MI13,"$1,000 ",$0 ,$0 ,$0 ,$0 ,$0 ,,
"Lawrence, Brenda",D,H,MI14,$0 ,$0 ,$0 ,$0 ,$0 ,$0 ,,
"Craig, Angie",D,H,MN02,"$6,160 ",$0 ,"$334,130 ",$0 ,$0 ,$616 ,,
"Phillips, Dean",D,H,MN03,$0 ,$0 ,$0 ,$0 ,$0 ,$492 ,,
"McCollum, Betty",D,H,MN04,"$5,867 ",$0 ,$0 ,$0 ,$0 ,$427 ,,
"Omar, Ilhan",D,H,MN05,$0 ,$0 ,$0 ,$0 ,$0 ,$0 ,,
"Clay, William L Jr",D,H,MO01,$250 ,$0 ,$0 ,$0 ,$0 ,$431 ,,
"Cleaver, Emanuel",D,H,MO05,$500 ,$0 ,$0 ,$0 ,$0 ,$71 ,,
"Thompson, Bennie G",D,H,MS02,"$2,700 ",$0 ,$0 ,$0 ,$0 ,$320 ,,
"Guest, Michael Patrick",R,H,MS03,$0 ,$0 ,$0 ,$0 ,$0 ,$0 ,,
"Butterfield, G K",D,H,NC01,$0 ,$0 ,$0 ,$0 ,$0 ,$0 ,,
"Price, David",D,H,NC04,"$13,350 ",$0 ,$0 ,$0 ,$0 ,$449 ,,
"Adams, Alma",D,H,NC12,$0 ,$0 ,$0 ,$0 ,$0 ,$0 ,,
"Pappas, Chris",D,H,NH01,"$10,263 ",$0 ,$0 ,$0 ,$0 ,$0 ,,
"Kuster, Ann",D,H,NH02,"$7,725 ",$0 ,$0 ,$0 ,$0 ,$0 ,,
"Norcross, Don",D,H,NJ01,$0 ,$0 ,$0 ,$0 ,$0 ,$0 ,,
"Kim, Andy",D,H,NJ03,"$14,875 ",$0 ,"$5,807 ",$0 ,$0 ,"$6,876 ",,
"Smith, Chris",R,H,NJ04,"$2,000 ",$0 ,$0 ,$0 ,$0 ,$256 ,,
"Gottheimer, Josh",D,H,NJ05,"$31,308 ",$0 ,$0 ,$0 ,$0 ,$0 ,,
"Pallone, Frank Jr",D,H,NJ06,"$2,111 ",$0 ,$0 ,$0 ,$0 ,$256 ,,
"Malinowski, Tom",D,H,NJ07,"$20,792 ",$0 ,$0 ,$0 ,$0 ,$0 ,,
"Sires, Albio",D,H,NJ08,$0 ,$0 ,$0 ,$0 ,$0 ,$0 ,,
"Pascrell, Bill Jr",D,H,NJ09,"$3,861 ",$0 ,$0 ,$0 ,$0 ,$256 ,,
"Payne, Donald M Jr",D,H,NJ10,$0 ,$0 ,$0 ,$0 ,$0 ,$0 ,,
"Sherrill, Mikie",D,H,NJ11,"$25,106 ",$0 ,"$4,899 ",$0 ,$0 ,$0 ,,
"Coleman, Bonnie",D,H,NJ12,$0 ,$0 ,$0 ,$0 ,$0 ,$0 ,,
"Haaland, Debra",D,H,NM01,"$2,775 ",$0 ,$0 ,$0 ,$0 ,$0 ,,
"Small, Xochitl Torres",D,H,NM02,"$2,700 ",$0 ,$0 ,$0 ,$0 ,"$9,908 ",,
"Titus, Dina",D,H,NV01,"$1,925 ",$0 ,$0 ,$0 ,$0 ,"$15,613 ",,
"Lee, Susie",D,H,NV03,"$16,250 ",$0 ,"$7,455 ",$0 ,$0 ,$0 ,,
"Suozzi, Tom",D,H,NY03,"$7,200 ",$0 ,$0 ,$0 ,$0 ,$0 ,,
"Rice, Kathleen",D,H,NY04,$0 ,$0 ,$0 ,$0 ,$0 ,$0 ,,
"Meeks, Gregory W",D,H,NY05,$0 ,$0 ,$0 ,$0 ,$0 ,$252 ,,
"Meng, Grace",D,H,NY06,$0 ,$0 ,$0 ,$0 ,$0 ,$0 ,,
"Velazquez, Nydia M",D,H,NY07,$500 ,$0 ,$0 ,$0 ,$0 ,$252 ,,
"Jeffries, Hakeem",D,H,NY08,"$5,000 ",$0 ,$0 ,$0 ,$0 ,$0 ,,
"Clarke, Yvette D",D,H,NY09,$0 ,$0 ,$0 ,$0 ,$0 ,$0 ,,
"Nadler, Jerrold",D,H,NY10,"$6,150 ",$0 ,$0 ,$0 ,$0 ,$252 ,,
"Rose, Max",D,H,NY11,$0 ,$0 ,$0 ,$0 ,$0 ,$0 ,,
"Maloney, Carolyn B",D,H,NY12,"$4,650 ",$0 ,$0 ,$0 ,$0 ,$252 ,,
"Espaillat, Adriano",D,H,NY13,$0 ,$0 ,$0 ,$0 ,$0 ,$0 ,,
"Ocasio-Cortez, Alexandria",D,H,NY14,$27 ,$0 ,$0 ,$0 ,$0 ,$0 ,,
"Serrano, Jose E",D,H,NY15,$750 ,$0 ,$0 ,$0 ,$0 ,$252 ,,
"Engel, Eliot L",D,H,NY16,"$3,000 ",$0 ,$0 ,$0 ,$0 ,$252 ,,
"Lowey, Nita M",D,H,NY17,"$2,914 ",$0 ,$0 ,$0 ,$0 ,$252 ,,
"Maloney, Sean Patrick",D,H,NY18,$0 ,$0 ,$0 ,$0 ,$0 ,$0 ,,
"Delgado, Antonio",D,H,NY19,"$26,267 ",$0 ,"$1,864 ",$0 ,$0 ,"$14,395 ",,
"Tonko, Paul",D,H,NY20,$500 ,$0 ,$0 ,$0 ,$0 ,$0 ,,
"Brindisi, Anthony",D,H,NY22,"$13,425 ",$0 ,$0 ,$0 ,$0 ,"$11,608 ",,
"Morelle, Joseph D",D,H,NY25,$0 ,$0 ,$0 ,$0 ,$0 ,$0 ,,
"Beatty, Joyce",D,H,OH03,$25 ,$0 ,$0 ,$0 ,$0 ,$0 ,,
"Kaptur, Marcy",D,H,OH09,$0 ,$0 ,$0 ,$0 ,$0 ,$443 ,,
"Fudge, Marcia L",D,H,OH11,$0 ,$0 ,$0 ,$0 ,$0 ,$0 ,,
"Horn, Kendra",D,H,OK05,$0 ,$0 ,$0 ,$0 ,$0 ,$0 ,,
"Bonamici, Suzanne",D,H,OR01,$0 ,$0 ,$0 ,$0 ,$0 ,$188 ,,
"Blumenauer, Earl",D,H,OR03,$500 ,$0 ,$0 ,$0 ,$0 ,$0 ,,
"Boyle, Brendan",D,H,PA02,$0 ,$0 ,$0 ,$0 ,$0 ,$0 ,,
"Evans, Dwight",D,H,PA03,$0 ,$0 ,$0 ,$0 ,$0 ,$0 ,,
"Dean, Madeleine",D,H,PA04,"$2,625 ",$0 ,$0 ,$0 ,$0 ,$0 ,,
"Scanlon, Mary Gay",D,H,PA05,"$3,125 ",$0 ,$0 ,$0 ,$0 ,$0 ,,
"Houlahan, Chrissy",D,H,PA06,"$13,850 ",$0 ,$0 ,$0 ,$0 ,$0 ,,
"Cartwright, Matt",D,H,PA08,"$1,000 ",$0 ,$0 ,$0 ,$0 ,$0 ,,
"Lamb, Conor",D,H,PA17,"$2,025 ",$0 ,$0 ,$0 ,$0 ,"$1,171 ",,
"Doyle, Mike",D,H,PA18,$500 ,$0 ,$0 ,$0 ,$0 ,$566 ,,
"Cicilline, David",D,H,RI01,"$6,350 ",$0 ,$0 ,$0 ,$0 ,$0 ,,
"Langevin, Jim",D,H,RI02,$250 ,$0 ,$0 ,$0 ,$0 ,$140 ,,
"Cunningham, Joe",D,H,SC01,$0 ,$0 ,$0 ,$0 ,$0 ,"$7,482 ",,
"Roe, Phil",R,H,TN01,$0 ,$0 ,$0 ,$0 ,"$1,564 ",$0 ,,
"Cooper, Jim",D,H,TN05,"$1,000 ",$0 ,$0 ,$0 ,$201 ,$0 ,,
"Cohen, Steve",D,H,TN09,$500 ,$0 ,$0 ,$0 ,$0 ,$0 ,,
"Green, Al",D,H,TX09,$0 ,$0 ,$0 ,$0 ,$0 ,$0 ,,
"Escobar, Veronica",D,H,TX16,"$5,705 ",$0 ,$0 ,$0 ,$0 ,$0 ,,
"Jackson Lee, Sheila",D,H,TX18,"$2,750 ",$0 ,$0 ,$0 ,$0 ,$414 ,,
"Castro, Joaquin",D,H,TX20,"$1,000 ",$0 ,$0 ,$0 ,$0 ,$0 ,,
"Garcia, Sylvia",D,H,TX29,"$1,000 ",$0 ,$0 ,$0 ,$0 ,$0 ,,
"Johnson, Eddie Bernice",D,H,TX30,$250 ,$0 ,$0 ,$0 ,$0 ,$414 ,,
"Veasey, Marc",D,H,TX33,$0 ,$0 ,$0 ,$0 ,$0 ,$0 ,,
"Vela, Filemon",D,H,TX34,"$1,000 ",$0 ,$0 ,$0 ,$0 ,$0 ,,
"Doggett, Lloyd",D,H,TX35,$0 ,$0 ,$0 ,$0 ,$0 ,$414 ,,
"McAdams, Ben",D,H,UT04,$0 ,$0 ,$0 ,$0 ,$0 ,"$5,725 ",,
"Luria, Elaine",D,H,VA02,"$23,111 ",$0 ,"$55,791 ",$0 ,$0 ,"$7,751 ",,
"Scott, Bobby",D,H,VA03,"$2,500 ",$0 ,$0 ,$0 ,$0 ,$495 ,,
"McEachin, Donald",D,H,VA04,"$4,700 ",$0 ,$0 ,$0 ,$0 ,$0 ,,
"Spanberger, Abigail",D,H,VA07,"$20,188 ",$0 ,"$19,459 ",$0 ,$0 ,"$11,408 ",,
"Beyer, Don",D,H,VA08,"$13,100 ",$0 ,$0 ,$0 ,$0 ,$0 ,,
"Connolly, Gerry",D,H,VA11,$750 ,$0 ,$0 ,$0 ,$0 ,$770 ,,
"DelBene, Suzan",D,H,WA01,"$3,050 ",$0 ,$0 ,$0 ,$0 ,$0 ,,
"Larsen, Rick",D,H,WA02,"$9,000 ",$0 ,$0 ,$0 ,$0 ,$496 ,,
"Kilmer, Derek",D,H,WA06,$0 ,$0 ,$0 ,$0 ,$0 ,$0 ,,
"Jayapal, Pramila",D,H,WA07,$0 ,$0 ,$0 ,$0 ,$0 ,$0 ,,
"Schrier, Kim",D,H,WA08,"$15,050 ",$0 ,$0 ,$0 ,$0 ,"$8,090 ",,
"Smith, Adam",D,H,WA09,"$10,400 ",$0 ,$0 ,$0 ,$518 ,$0 ,,
"Heck, Dennis",D,H,WA10,$0 ,$0 ,$0 ,$0 ,$0 ,$0 ,,
"Steil, Bryan",R,H,WI01,$0 ,$0 ,$0 ,$0 ,"$6,973 ",$0 ,,
"Pocan, Mark",D,H,WI02,$0 ,$0 ,$0 ,$0 ,$0 ,$0 ,,
"Moore, Gwen",D,H,WI04,$0 ,$0 ,$0 ,$0 ,$0 ,$0 ,,
